<?xml version="1.0" encoding="UTF-8"?>
<addon id="repository.hexdemon" name="[COLOR red]HeXDeMoN[/COLOR] Repository" version="1.0" provider-name="HeXDeMoN">
    <extension point="xbmc.addon.repository" name="HeXDeMoN Repo">
        <dir>
            <info compressed="false">https://raw.githubusercontent.com/HeXDeMoN/hexdemon.github.io/master/update/addons.xml</info>
            <checksum>https://raw.githubusercontent.com/HeXDeMoN/hexdemon.github.io/master/update/addons.md5</checksum>
            <datadir zip="true">https://raw.githubusercontent.com/HeXDeMoN/hexdemon.github.io/master/zips/</datadir>
        </dir>
    </extension>
    <extension point="xbmc.addon.metadata">
        <summary lang="en">[B][COLOR red]HeXDeMoN[/COLOR][/B] Repository</summary>
        <description lang="en">[B][COLOR red]HeXDeMoN[/COLOR][/B] - This is just a repository to other repositories.</description>
        <disclaimer lang="en">The author is not responsible for the use of this addon. The author is not responsible for the content found using this addon. The author does not host or own any content found within this addon. The author is in no way affiliated with Kodi, Team Kodi, or the XBMC Foundation. This is a Non-profit resource, organized solely for educational purposes which is protected under the Fair-Use doctrine of the Copyright Act, Specifically section 107, which does promote freedom of expression, by permitting the unlicensed use of copyright-protected works.</disclaimer>
        <platform>all</platform>
        <assets>
            <icon>icon.png</icon>
            <fanart>fanart.jpg</fanart>
        </assets>
    </extension>
</addon>